"原文","译文","对应原名","性别"
"------王国・勇者軍------","------王国·勇者军------","",""
"アレックス","亚历克斯","","男"
"アレクサンダー・レクサス・クルセイダー・スミス","亚历山大·历克萨斯·克鲁塞德·斯密斯","アレックス",""
"リリア","莉莉娅","","女"
"ブライアン","布莱恩","","男"
"ウザイアン","烦莱恩","ブライアン",""
"チンチンブラブラブライアン","丁丁晃晃布莱恩","ブライアン",""
"キャロル","卡萝尔","","女"
"デイジー","黛西","","女"
"レオックス","莱奥克斯","","男"
"パパックス","爸爸克斯","レオックス",""
"レオナルド・オルレオン・クルセイダー・スミス","莱昂纳多·奥尔良·克鲁塞德·斯密斯","レオックス",""
"ソフィア","索菲亚","","女"
"ママックス","妈妈克斯","ソフィア",""
"レナックス","蕾娜克斯","","女"
"ゼダックス","泽达克斯","レナックス",""
"アネックス","姐姐克斯","レナックス",""
"リナックス","莉娜克斯","","女"
"リナクシール・ナズルカ・クルセイダー・スミス","莉娜克希尔·娜兹尔卡·克鲁塞德·斯密斯","リナックス",""
"ロレックス","罗雷克斯","","男"
"リリックス","莉莉克斯","","女"
"リリー","莉莉","リリックス",""
"王様","国王","","男"
"ポテチスキー3世","薯片斯基3世","王様",""
"姫様","公主","","女"
"ポテチーナ","薯片蒂娜","姫様",""
"王子","王子","","男"
"兵士","士兵","","男"
"女兵士","女兵士","","女"
"神父","神父","","男"
"慟哭なる闇","恸哭的黑暗","神父",""
"ジャンヌ","珍妮","","女"
"徳明","德明","ジャンヌ",""
"キリア","基莉亚","ジャンヌ",""
"エンリュウ","炎龙","","男"
"ファルコン","法尔科","","男"
"ゴメス","戈麦斯","","男"
"ヘレン","海伦","","女"
"ザック","扎克","","男"
"アイザック・ローレンブルグ","艾萨克·罗伦伯格","ザック",""
"アリサ","艾莉莎","","女"
"アリサ・パニングス","艾莉莎·潘宁斯","アリサ",""
"アルベルト","阿尔贝特","","男"
"ミーア","米娅","","女"
"アーディス","阿迪斯","","男"
"ルーク","卢克","アーディス",""
"フィオナ","菲奥娜","","女"
"サモン","萨蒙","","男"
"ハーゲン","哈根","サモン",""
"ダッツ","达兹","","男"
"ダッチ","达奇","ダッツ",""
"リンファ","琳法","","女"
"ファル子","法尔子","","女"
"ミネアン","米内安","ファル子",""
"トレント","特伦特","ファル子",""
"アラマキ","荒巻","","女"
"レベッカ","丽贝卡","アラマキ",""
"メリッサ","梅丽莎","","女"
"アーサー","亚瑟","","男"
"フェイレン","菲伦","","男"
"マオ","玛奥","","女"
"ラナ","拉娜","","女"
"シンシア","辛西娅","ラナ",""
"2003キャロル","2003卡萝尔","","女"
"2011キャロル","2011卡萝尔","2003キャロル",""
"ムスカデイジー","穆斯卡黛西","","女"
"アマゾネスリリア","亚马逊莉莉娅","","女"
"リリアマゾネス","莉莉娅玛索尼斯","アマゾネスリリア",""
"アルシェス","阿尔谢斯","","男"
"バジル","巴吉尔","","男"
"サイラス","赛拉斯","","男"
"ドロシー","多萝西","","女"
"エステル","艾丝特尔","","女"
"フェリックス","菲利克斯","","男"
"グロリア","格洛丽亚","","女"
"ヒルダ","希尔达","","女"
"ヒルダ＝バーンシュタイン","希尔达·伯恩斯坦","ヒルダ",""
"ライナ","莱娜","","女"
"メリル","梅丽尔","","女"
"ディック","迪克","","男"
"ラルフ","拉尔夫","ディック",""
"エルマー","埃尔默","ディック",""
"リチャード","理查德","","男"
"ロレンス","罗伦斯","リチャード",""
"アリシア","艾丽西亚","","女"
"セオドア","西奥多","","男"
"子ぎつねヘレン","小狐狸海伦","","女"
"メカアレックス","机械亚历克斯","","不明"
"ロングソード","长剑","","不明"
"クロースアーマー","布甲","","不明"
"------魔王軍------","------魔王军------","",""
"魔王様","魔王","","男"
"第六天魔王","第六天魔王","魔王様",""
"セゼク＝ヴァスキア＝バナルパス","塞泽克=瓦斯基亚=巴纳尔帕斯","魔王様",""
"大魔王オクトュム","大魔王奥克图姆","魔王様",""
"嫁様","夫人","","女"
"魔神ぐり子","魔神格莉子","嫁様",""
"マヨメ","真嫁","嫁様",""
"フィーネ","菲涅","嫁様",""
"梅沢トメ子","梅泽トメ子","嫁様",""
"エヴァ","伊娃","嫁様",""
"アクオス","阿克奥斯","",""
"娘様","大小姐","","女"
"メビウス","梅比乌斯","娘様",""
"むーちゃん","小萌","娘様",""
"クライン","克莱因","娘様",""
"まーくん","小马","","男"
"マーくん","小马","まーくん",""
"マー坊","马仔","まーくん",""
"マーディン","马丁","まーくん",""
"マディラス・マディン・アハト・マークス","马迪拉斯·马丁·阿哈特·马克斯","まーくん",""
"------魔王軍------","------魔王军------","",""
"------魔王軍四天王------","------魔王军四天王------","",""
"ニンニン","忍忍","","男"
"バートン","巴顿","ニンニン",""
"ニリニリ","尼里尼里","ニンニン",""
"パワードラゴナス","强力多拉格纳斯","","男"
"ドラゴナス","多拉格纳斯","パワードラゴナス",""
"翼青竜パワードラゴナス","翼青龙强力多拉格纳斯","パワードラゴナス",""
"ドラゴナス子","多拉格纳斯子","","女"
"ナス子","茄子子","ドラゴナス子",""
"キャプテンドラゴナス","多拉格纳斯队长","","不明"
"ロリドラゴナス子","萝莉多拉格纳斯子","","女"
"ロリナス子","萝莉茄子子","ロリドラゴナス子",""
"ロリゴナス","萝莉格纳斯","ロリドラゴナス子",""
"ムシャ","穆沙","","男"
"ダーエロ","达艾罗","","男"
"ダークエルフ","暗黑精灵","ダーエロ",""
"レグルス","雷古鲁斯","ダーエロ",""
"ダーク・ドゥンケルハイト","暗黑·敦克尔海特","ダーエロ",""
"死神五世","死神五世","","男"
"------魔王軍四天王関係者------","------魔王军四天王相关者------","",""
"幕田賢治","幕田贤治","","女"
"ミシェル","米歇尔","","女"
"ハーたん","哈碳","","女"
"ハーピィ","哈比","ハーたん",""
"サージェントハーピィ","哈比中士","","女"
"ハーナス","哈娜丝","","女"
"ハナちゃん","哈娜酱","ハーナス",""
"ミニドラ","迷你多拉","","男"
"ハー妹","哈妹","","女"
"ニー妹","尼妹","ハー妹",""
"ハート","哈特","ハー妹",""
"ハネット","哈妮特","ハー妹",""
"ハー姉","哈姐","","女"
"ハーネ","哈妮","ハー姉",""
"HAPI","HAPI","ハー姉",""
"弟子五郎","弟子五郎","","男"
"ライトムシャ","光明穆沙","弟子五郎",""
"オトメ","乙女","","女"
"ユキ","雪","","女"
"ダーエロ姉","达艾罗姐","","女"
"ラヴィアン","拉维安","ダーエロ姉",""
"フィリアス","菲利亚斯","ダーエロ姉",""
"死神四世","死神四世","","女"
"シェイドⅠ","影Ⅰ","","女"
"シェイド","影","シェイドⅠ",""
"シェイディ","影迪","シェイドⅠ",""
"------魔王軍幹部------","------魔王军干部------","",""
"恍惚なる闇","恍惚的黑暗","","男"
"クレイス","克雷斯","恍惚なる闇",""
"恍惚なる闇子","恍惚之暗子","","女"
"闇子","暗子","恍惚なる闇子",""
"レイチェル","蕾切尔","恍惚なる闇子",""
"どてちんこ","土手金子","恍惚なる闇子",""
"残酷なる闇","残酷的黑暗","","女"
"残子","残子","残酷なる闇",""
"深遠なる闇","深远的黑暗","残酷なる闇",""
"イリス","伊莉丝","残酷なる闇",""
"チェルシー","切尔茜","","女"
"エオレーヌ","艾奥琳","チェルシー",""
"ショウ","翔","","男"
"------魔王軍モンスターメンバー------","------魔王军怪物成员------","",""
"メカゴーレム","机械哥雷姆","","不明"
"メカゴ","机械哥","メカゴーレム",""
"ブラックナイト","黑骑士","メカゴーレム",""
"ヘビーゴーレム","重型哥雷姆","","不明"
"ヘビゴ","重哥","ヘビーゴーレム",""
"ベビーゴーレム","宝宝哥雷姆","ヘビーゴーレム",""
"ゴーレム","哥雷姆","",""
"ミノタウロス","米诺陶洛斯","","男"
"ミノさん","米诺先生","ミノタウロス",""
"ミノタウゴン","米诺陶贡","ミノタウロス",""
"ドラゴン","多拉贡","","不明"
"ドラゴソ","多拉贡索","ドラゴン",""
"ドラ子","多拉子","ドラゴン","女"
"グリン","格林","ドラゴン",""
"ドラゴンナイト","龙骑士","","不明"
"ドナ子","多娜子","ドラゴンナイト",""
"ドラナ","多拉娜","ドラゴンナイト",""
"デスシープ","死亡绵羊","","男"
"デーモン","恶魔","デスシープ",""
"小暮","小暮","","女"
"デーモン小暮","恶魔小暮","小暮",""
"メデューサ","美杜莎","","女"
"メデューさん","美杜莎女士","メデューサ",""
"メデュたん","美杜碳","メデューサ",""
"アルラウネ","阿娜温","","女"
"ミミック","米米科","","不明"
"レイズⅢ","复活Ⅲ","ミミック",""
"ミミ子","米米子","ミミック",""
"通りすがりの船","路过的船","","不明"
"------魔王軍人間メンバー------","------魔王军人类成员------","",""
"森崎","森崎","","男"
"ウルトラ執事","究极执事","","男"
"リーガル","利加尔","ウルトラ執事",""
"ジジイ","老头","ウルトラ執事",""
"ミルミ","米尔米","","女"
"メカミルミ","机械米尔米","","女"
"ブロウ","布鲁","","男"
"バーンズ","巴恩斯","ブロウ",""
"まさお","正雄","ブロウ",""
"風雷爺","风雷爷","","男"
"超老婆","超老婆","","女"
"超産婆","超产婆","超老婆",""
"ょぅι゛ょ","幼女","","女"
"最強のようじょ","最强幼女","ょぅι゛ょ",""
"暗黒の戦士","暗黑战士","","男"
"アーケン","阿肯","暗黒の戦士",""
"------魔王軍雑魚------","------魔王军杂兵------","",""
"スライム","史莱姆","","不明"
"こうもり","蝙蝠","","不明"
"大サソリ","大蝎子","","不明"
"蠍娘","蝎女","","女"
"ゴブリン","哥布林","","不明"
"ピザオーク","披萨兽人","","男"
"オーク","兽人","ピザオーク",""
"ウルトラオーク","究极兽人","ピザオーク",""
"ゴースト","幽灵","","不明"
"ゴス子","哥丝子","","女"
"レイラ","蕾拉","ゴス子",""
"偽ダークネスⅢ","伪暗黑Ⅲ","ゴス子",""
"スケルトン","骷髅兵","","不明"
"ホネボーン","骨小子","スケルトン",""
"ゾンビ","僵尸","","不明"
"ケルベロス","刻耳柏洛斯","","不明"
"バフォメット","巴风特","","不明"
"コカトリス","鸡蛇","","不明"
"サボテン","仙人掌","","不明"
"デュラハン","杜拉罕","","女"
"ディラハン","迪拉罕","デュラハン",""
"ミネルバ","密涅瓦","デュラハン",""
"------アンデッドナイ軍------","------安迪德奈军------","",""
"アンデッドナイ","安迪德奈","","男"
"ナイ","奈伊","アンデッドナイ",""
"テッド","泰德","アンデッドナイ",""
"カーバンクル","卡班克尔","","不明"
"カーくん","卡君","カーバンクル",""
"女体化カーバンクル","女体化卡班克尔","","女"
"カー子","卡子","女体化カーバンクル",""
"ガーネット","加奈特","女体化カーバンクル",""
"------アンデッドナイ軍------","------安迪德奈军------","",""
"------アンデッドナイ軍偽四天王------","------安迪德奈军伪四天王------","",""
"ザンニンニン","残忍忍","","男"
"偽ムシャ","伪穆沙","","男"
"平蔵","平藏","偽ムシャ",""
"ドラゴなすーん","多拉格纳苏","","不固定"
"ドラゴナスーン","多拉格纳苏","ドラゴなすーん",""
"マスクドN","假面N","ドラゴなすーん",""
"偽死神五世","伪死神五世","","女"
"キリ・タヒネ","琪莉·塔希奈","偽死神五世",""
"偽ダーエロ","伪达艾罗","","男"
"リュカ","琉卡","偽ダーエロ",""
"偽ダークエルフ","伪暗黑精灵","","男"
"偽エル","伪艾尔","偽ダークエルフ",""
"クラウス","克劳斯","偽ダークエルフ",""
"2003ダーエロ","2003达艾罗","","男"
"デルタ","德尔塔","2003ダーエロ",""
"------アンデッドナイ軍偽四天王関係者------","------安迪德奈军伪四天王相关者------","",""
"偽幕田","伪幕田","","女"
"弟子五月","弟子五月","","女"
"ハーなすーん","哈纳苏","","女"
"ハーなすん","哈纳苏","ハーなすーん",""
"ベラドンナ","贝拉多娜","","女"
"ベラ","贝拉","ベラドンナ",""
"偽ダーエロ妹","伪达艾罗妹","","女"
"ユグドラ","尤格多拉","偽ダーエロ妹",""
"偽エロ妹","伪艾罗妹","偽ダーエロ妹",""
"2003エルフ","2003精灵","","女"
"レクス","莱克斯","2003エルフ",""
"------アンデッドナイ軍闇勇者------","------安迪德奈军暗之勇者------","",""
"クレアス","克历亚斯","","男"
"エロリア","艾洛莉娅","","女"
"アリア","亚里亚","エロリア",""
"アマゾネスエロリア","亚马逊艾洛莉娅","","女"
"エロリアマゾネス","艾洛莉娅玛索尼斯","アマゾネスエロリア",""
"ダークデイジー","暗黑黛西","","女"
"DD","DD","ダークデイジー",""
"ダディ","达迪","ダークデイジー",""
"ディオナ","迪奥娜","","女"
"ディナックス","迪娜克斯","","女"
"ダークレナックス","暗黑莱娜克斯","","女"
"ダナ","达娜","ダークレナックス",""
"クレナ","库蕾娜","ダークレナックス",""
"------アンデッドナイ軍2003メンバー------","------安迪德奈军2003成员------","",""
"ケットシー","猫妖","","不明"
"アーリマン","阿里曼","","不明"
"カーミラ","卡蜜拉","","女"
"ミラ","米拉","カーミラ",""
"カーブミラー","路况镜","カーミラ",""
"2003ラミア","2003拉米亚","","女"
"ミア","米娅","2003ラミア",""
"2003メデューサ","2003美杜莎","","女"
"メディ","梅迪","2003メデューサ",""
"グレル","格雷尔","","不明"
"インプ","小恶魔","","不明"
"------アンデッドナイ軍その他主要メンバー------","------安迪德奈军其他主要成员------","",""
"偽恍惚なる闇","伪恍惚的黑暗","","男"
"偽惚","伪惚","偽恍惚なる闇",""
"ジェルート","杰鲁特","","男"
"エリー","艾莉","","女"
"使い魔エリー","使魔艾莉","エリー",""
"キーラ","琪拉","","女"
"キキーモラ","奇奇莫拉","キーラ",""
"------アンデッドナイ軍固有雑魚------","------安迪德奈军特有杂兵------","",""
"ブラッドスケルトン","血骷髅","","不明"
"ゴールドスケルトン","金骷髅","","不明"
"ボルテージスケルトン","电压骷髅","","不明"
"ファントムスケルトン","幻影骷髅","","不明"
"------アンデッドナイ軍と交友------","------安迪德奈军的友人------","",""
"ジャックオーラ","杰克南瓜灯","","不明"
"ジャックオーランタン","杰克南瓜灯笼","ジャックオーラ",""
"かぼちゃ","南瓜","ジャックオーラ",""
"------ブライアンパンマン軍------","------布莱恩潘曼军------","",""
"ブライアンパンマン","布莱恩潘曼","","男"
"アンパン様","馅包大人","ブライアンパンマン",""
"セインサイアス","圣哉亚斯","","不明"
"ダーク恍惚なる闇","暗黑恍惚的黑暗","","男"
"ダー惚","暗惚","ダーク恍惚なる闇",""
"ダー恍","暗恍","ダーク恍惚なる闇",""
"ダーククレイス","暗黑克雷斯","ダーク恍惚なる闇",""
"ダーク恍惚なる闇子","暗黑恍惚之暗子","","女"
"ダーク闇子","暗黑暗子","ダーク恍惚なる闇子",""
"ダークサモン","暗黑萨蒙","","男"
"ダモン","暗蒙","ダークサモン",""
"サバト","萨巴特","ダークサモン",""
"ノックアウト","击倒","","男"
"のっきゅん","诺君","ノックアウト",""
"反転ノックアウト","反转击倒","","女"
"ダークジャンヌ","暗黑珍妮","","女"
"だくじゃぬ","暗珍","ダークジャンヌ",""
"ダークダッツ","暗黑达兹","","男"
"ダダ","达达","ダークダッツ",""
"ダークザック","暗黑扎克","","男"
"ダック","达克","ダークザック",""
"フライパンアイアン","铁制平底锅","","不明"
"フライパンマン","平底锅侠","フライパンアイアン",""
"427","427","","不明"
"よんにーなな","四二七","427",""
"------娘様軍------","------大小姐军------","",""
"ドラゴンナス","多拉贡茄子","","女"
"あわび","鲍鱼","","女"
"マッシュ","马修","","男"
"ゲーフィー","盖菲","","不明"
"鳥人間","鸟人","","不明"
"モルツ","莫尔茨","","不明"
"------冥界軍------","------冥界军------","",""
"ヘル","赫尔","","女"
"ダークロード","暗黑领主","ヘル",""
"スレイプニル","斯雷普尼尔","","不明"
"トリッシュ","特丽休","","女"
"ダークブライアン","暗黑布莱恩","","男"
"ダーブラ","暗布","ダークブライアン",""
"シェイドⅢ","影Ⅲ","","女"
"おでこ女","额头女","シェイドⅢ",""
"スリープ","睡眠","","不明"
"アルパカ","羊驼","","不明"
"ライフアブソーブ","生命吸收","","女"
"ソウルアブソーブ","灵魂吸收","","男"
"チャック","查克","ソウルアブソーブ",""
"塩沢妹","盐泽妹","","女"
"ルミナ","露米娜","塩沢妹",""
"ソーマ","索玛","塩沢妹",""
"------XP魔王軍------","------XP魔王军------","",""
"XP魔王","XP魔王","","男"
"ディアボロス","迪亚波罗斯","XP魔王",""
"XPハーピー","XP哈比","","女"
"ラミア","拉米亚","","女"
"XPドラゴン","XP多拉贡","","不明"
"XPドール","XP人偶","","不明"
"------深都------","------深都------","",""
"アミィ","艾咪","","女"
"クトネ","库托涅","","男"
"ニャルラトホテップ","奈亚拉托提普","","男"
"ニャル","奈亚","ニャルラトホテップ",""
"ニャル市長","奈亚市长","ニャルラトホテップ",""
"スピリットカース","精神诅咒","","女"
"スピカ","斯皮卡","スピリットカース",""
"藍子","蓝子","","女"
"ガルディア","加尔迪亚","","不明"
"バン子","邦子","","女"
"セフィーナ","赛菲娜","","女"
"ダンテ","但丁","","不明"
"テロリータ","特萝莉塔","","女"
"サイコアーティスト","精神艺术家","","不明"
"ソーマ","索玛 (深都)","","不明"
"リスカ","莉丝卡","","女"
"------もしもの神々------","------如果的神明------","",""
"エターナル","永恒","","女"
"カナエール","卡娜艾尔","","女"
"ダークカナエール","暗黑卡娜艾尔","","女"
"ダナ様","达娜大人","ダークカナエール",""
"ダナエ様","达娜艾大人","ダークカナエール",""
"コトワール","科托瓦尔","","女"
"無限少女","无限少女","","女"
"地獄少女","地狱少女","無限少女",""
"カオス","卡奥斯","","不明"
"レジェンド","传说","","不明"
"魔神","魔神","","男"
"クイトゥス","奎图斯","魔神",""
"ドリスコル","德里斯科尔","魔神",""
"あつし","敦","魔神",""
"サタナエル","萨麦尔","","男"
"ゴメス博士","戈麦斯博士","","男"
"エストゴメス","艾斯特戈麦斯","ゴメス博士",""
"ダークゴメス","暗黑戈麦斯","","男"
"ゴメスサタン","戈麦斯撒旦","ダークゴメス",""
"知恵の神","智慧之神","","女"
"知恵子","智慧子","知恵の神",""
"戦の神","战争之神","","男"
"ネガーナル","否定永恒","","不明"
"WORLD","WORLD","","女"
"ワールド","世界","WORLD",""
"ワールドさん","世界小姐","WORLD",""
"セラフィム","炽天使","","不明"
"ラジエート","辐射","","女"
"ラジエ","拉吉","ラジエート",""
"ラエ","拉艾","ラジエート",""
"妖精さん","妖精小姐","","女"
"秋本宗一郎","秋本宗一郎","妖精さん",""
"シルフ","西尔芙","","不明"
"天使","天使","","不明"
"RTP天使","RTP天使","天使",""
"ワクワク天使","兴奋天使","天使",""
"印度目多神","印度眼多神","天使",""
"第一天使ガブリエル","第一天使加百列","天使",""
"神龍","神龙","","不明"
"龍子","龙子","神龍",""
"バハムート","巴哈姆特","","不明"
"ラクシュミ","拉克希米","","女"
"コダワール","执着者","","不明"
"------玉露軍------","------玉露军------","",""
"死の支配者","死之支配者","","不明"
"しーちゃん","死酱","死の支配者",""
"しぃちゃん","死酱","死の支配者",""
"ティア","蒂亚","死の支配者",""
"アグネファイア","阿格涅法亚","","女"
"アグネ","阿格涅","アグネファイア",""
"アグ姉","阿格姐","アグネファイア",""
"ブリザルド","布里扎德","","女"
"ブリ","布里","ブリザルド",""
"リザ","莉莎","ブリザルド",""
"うんこぶりぶりブリザルド","噗哩噗哩布里扎德","ブリザルド",""
"ライスパーク","莱丝帕克","","女"
"米公園","米公园","ライスパーク",""
"ライス","莱斯","ライスパーク",""
"ライスパ","莱斯帕","ライスパーク",""
"グリーンサイ","格林塞","","女"
"サイ","塞","グリーンサイ",""
"緑犀","绿犀","グリーンサイ",""
"ブラックバイソン","布莱克拜森","","女"
"バイソン","拜森","ブラックバイソン",""
"ブラックバイ","布莱克拜","ブラックバイソン",""
"セイントミルク","圣妙可","","女"
"ホワイトウルフ","白狼","セイントミルク",""
"リリィホワイト","莉莉白","セイントミルク",""
"大和魂","大和魂","","男"
"ラブチャーム","爱情魔咒","","女"
"武蔵漁船","武藏渔船","","男"
"オレンジミカン","橙子蜜柑","","女"
"クリアクリーン","洁净明亮","","不明"
"ホワイトハウス","白城","","不明"
"城子","城子","ホワイトハウス",""
"シラコ","白子","ホワイトハウス",""
"シロコ","白子","ホワイトハウス",""
"シアンライブラ","青蓝天秤","","不明"
"ライブラ","天秤","シアンライブラ",""
"ゴールドメイ","黄金梅","","女"
"メイ","梅","ゴールドメイ",""
"シルヴァークィーン","白银女王","","女"
"クィーン","女王","シルヴァークィーン",""
"ピンクピーチ","粉红桃子","","不明"
"パワーパンダ","力量熊猫","","不明"
"ブラックハウス","黑屋","","不明"
"フレアクローム","闪光铬黄","","女"
"ジョアンナ","乔安娜","フレアクローム",""
"ジョアン2世","乔安2世","フレアクローム",""
"アクアリウム","水族馆","","女"
"水虎博士","水虎博士","アクアリウム",""
"カプリミント","卡普里薄荷","","不明"
"ナイトスカイ","夜空","","不明"
"レインボーロリポップ","彩虹棒棒糖","","女"
"パープルヘイズ","紫色烟雾","","女"
"ホワイトセイント","白色圣徒","","女"
"ヴァイスルーチェ","白色光辉","ホワイトセイント",""
"アクアフラッド","洪水","","女"
"マッドロック","疯狂岩石","","女"
"アニラストーム","阿尼拉风暴","","女"
"アトミックオスペシャス","原子吉兆","","男"
"ルナブラン","月白","","女"
"グレーゾーン","灰色地带","","不明"
"論理信濃","论理信浓","","男"
"メタリカーキー","金属卡其","","女"
"ハナダマリン","花田海蓝","","女"
"エクルクシア","艾库鲁库西亚","","女"
"フレグランス・ティ","香氛·茶","","女"
"玉露兵","玉露兵","","不明"
"------魔法具現化------","------魔法具现化------","",""
"------魔法具現化------","------魔法具现化------","",""
"------魔法具現化－攻撃魔法------","------魔法具现化－攻击魔法------","",""
"ファイアⅠ","火Ⅰ","","不明"
"フィレイ","菲蕾","ファイアⅠ",""
"スルトル","苏尔特尔","ファイアⅠ",""
"ファイアⅡ","火Ⅱ","","女"
"燐火","燐火","ファイアⅡ",""
"クオン","库昂","ファイアⅡ",""
"赤いきつね","红色狐狸","","女"
"あかね","茜","赤いきつね",""
"ファイアⅢ","火Ⅲ","","不明"
"フレイムⅠ","炎Ⅰ","","不明"
"ホムラ","焰","フレイムⅠ",""
"フレイムⅡ","炎Ⅱ","","不明"
"ヒツルギ","火剑","フレイムⅡ",""
"フレイムⅢ","炎Ⅲ","","女"
"フレイムさん",芙蕾姆小姐","フレイムⅢ",""
"サンライト","日光","","女"
"アイスⅠ","冰Ⅰ","","不明"
"スワン","斯旺","アイスⅠ",""
"アイスⅡ","冰Ⅱ","","不明"
"アイスⅢ","冰Ⅲ","","女"
"アイスさん","艾斯小姐","アイスⅢ",""
"ブリザードⅠ","暴雪Ⅰ","","不明"
"ブリーチ","布里奇","ブリザードⅠ",""
"ブリイチ","布里伊奇","ブリザードⅠ",""
"冷たいパスタ","冰冷意面","","女"
"パスタ","意面","冷たいパスタ",""
"アブソリュート","绝对零度","冷たいパスタ",""
"ブリザードⅡ","暴雪Ⅱ","","不明"
"冷夢","冷梦","ブリザードⅡ",""
"ブリッツ","布里茨","ブリザードⅡ",""
"ブリザードⅢ","暴雪Ⅲ","","不明"
"エータナルフォースブリザード","永恒之力暴雪","ブリザードⅢ",""
"サンダーⅠ","雷Ⅰ","","不明"
"サンディ","桑迪","サンダーⅠ",""
"サンダーⅡ","雷Ⅱ","","不明"
"新三田","新三田","サンダーⅡ",""
"てゅんでりぃ","啾得莉","サンダーⅡ",""
"サンダーⅢ","雷Ⅲ","","男"
"スパークⅠ","电光Ⅰ","","不明"
"スパイチ","斯派奇","スパークⅠ",""
"スパークⅡ","电光Ⅱ","","女"
"スパニー","斯帕妮","スパークⅡ",""
"スパークⅢ","电光Ⅲ","","不明"
"スパーク","斯帕克","スパークⅢ",""
"モクバ","莫库巴","スパークⅢ",""
"ウォーターⅠ","水Ⅰ","","女"
"わてり","瓦特莉","ウォーターⅠ",""
"しょうゆ","酱油","ウォーターⅠ",""
"ウォーター","沃塔","ウォーターⅠ","女"
"ウォーターⅡ","水Ⅱ","","女"
"水煮","水煮","ウォーターⅡ",""
"ウォーターⅢ","水Ⅲ","","女"
"水産","水产","ウォーターⅢ",""
"ウェーブⅠ","波Ⅰ","","女"
"ウェーブⅡ","波Ⅱ","","不明"
"ウェーブⅢ","波Ⅲ","","女"
"ミナミ","米娜米","ウェーブⅢ",""
"サーモン","鲑鱼","","不明"
"ストーンⅠ","石Ⅰ","","女"
"ストーンちゃん","小石头","ストーンⅠ",""
"ストニア","斯托尼亚","ストーンⅠ",""
"スイッチ","斯维奇","ストーンⅠ",""
"ストーンⅡ","石Ⅱ","","男"
"ロック","洛克","ストーンⅡ",""
"ストーンⅢ","石Ⅲ","","不明"
"メテオ","陨石","ストーンⅢ",""
"クェイクⅠ","地震Ⅰ","","不明"
"ヤンキークェイクⅠ","不良地震Ⅰ","","不明"
"クェイクⅡ","地震Ⅱ","","女"
"クェイクⅢ","地震Ⅲ","","男"
"加速クェイク","加速地震","クェイクⅢ",""
"加速","加速","クェイクⅢ",""
"ウィンドⅠ","风Ⅰ","","女"
"ウィンディ","温蒂","ウィンドⅠ",""
"ウィンド","温德","ウィンドⅠ",""
"ウィンドⅡ","风Ⅱ","","男"
"ウィル","威尔","ウィンドⅡ",""
"ドニー","多尼","ウィンドⅡ",""
"緑のたぬき","绿色狸猫","","女"
"みどり","翠","緑のたぬき",""
"ウィンドⅢ","风Ⅲ","","不明"
"ウィンドウ","温德乌","ウィンドⅢ",""
"トルネードⅠ","龙卷Ⅰ","","不明"
"トルイチ","托鲁伊奇","トルネードⅠ",""
"クルマユ","库鲁马尤","トルネードⅠ",""
"トルネードⅡ","龙卷Ⅱ","","不明"
"トルネードⅢ","龙卷Ⅲ","","男"
"セイントⅠ","圣Ⅰ","","男"
"セイくん","圣君","セイントⅠ",""
"セイチ","圣一","セイントⅠ",""
"ハカセイント","博士圣徒","セイントⅠ",""
"聖一","圣一","セイントⅠ",""
"聖剣士セイント","圣剑士圣徒","セイントⅠ",""
"セイントⅡ","圣Ⅱ","","女"
"シロ","小白","セイントⅡ",""
"クロ","小黑","セイントⅡ",""
"セイントⅢ","圣Ⅲ","","不明"
"ユニコーン","独角兽","セイントⅢ",""
"スターライトⅠ","星光Ⅰ","","女"
"ライチ","荔枝","スターライトⅠ",""
"ヒカリちゃん","光酱","スターライトⅠ",""
"スターライトⅡ","星光Ⅱ","","男"
"にぼし","小鱼干","スターライトⅡ",""
"煮干","煮干","スターライトⅡ",""
"スターライトⅢ","星光Ⅲ","","男"
"ライト","莱特","スターライトⅢ",""
"シェイドⅡ","影Ⅱ","","不明"
"ダークネスⅠ","暗黑Ⅰ","","女"
"やみっち","暗市","ダークネスⅠ",""
"やみいち","暗一","ダークネスⅠ",""
"ネス子","妮斯子","ダークネスⅠ",""
"ダークネスⅡ","暗黑Ⅱ","","女"
"闇二","暗二","ダークネスⅡ",""
"やみにー","暗妮","ダークネスⅡ",""
"ダークネスⅢ","暗黑Ⅲ","","女"
"だくねすさん","暗姐","ダークネスⅢ",""
"バーストⅠ","爆发Ⅰ","","女"
"バースティ","芭丝蒂","バーストⅠ",""
"バーストⅡ","爆发Ⅱ","","女"
"バーニィ","芭妮","バーストⅡ",""
"こうもりさん","蝙蝠先生","","不明"
"バーストⅢ","爆发Ⅲ","こうもりさん",""
"コウくん","小蝙","こうもりさん",""
"ニュークリアⅠ","核Ⅰ","","不明"
"ニュークリアⅡ","核Ⅱ","","不明"
"核にゃん","核喵","ニュークリアⅡ",""
"ニュークリアⅢ","核Ⅲ","","女"
"ぬくりあさん","纽克莉亚小姐","ニュークリアⅢ",""
"クリア","库莉娅","ニュークリアⅢ",""
"レインボーシャワー","彩虹雨","","女"
"レインボ～さん","彩虹小姐","レインボーシャワー",""
"レイシャワ","蕾莎瓦","レインボーシャワー",""
"アルテマ","究极","","女"
"アルテマウェポン","究极武器","アルテマ",""
"アルテ","阿尔特","アルテマ",""
"偽ニュークリア","伪核","","女"
"偽ぬくりあ","伪核姐","偽ニュークリア",""
"メルティ","梅露蒂","偽ニュークリア",""
"ミストラル","米斯特拉尔","","女"
"ミスティ","米丝蒂","ミストラル",""
"ユーゴ","雨果","","男"
"フュージョンⅢ","融合Ⅲ","ユーゴ",""
"ランダムマジックⅠ","随机魔法Ⅰ","","不明"
"ランマイ","兰麦","ランダムマジックⅠ",""
"ムーンライトⅠ","月光Ⅰ","","女"
"ムライチ","姆莱奇","ムーンライトⅠ",""
"ムーンライトⅡ","月光Ⅱ","","不明"
"ムラニオ","姆拉尼奥","ムーンライトⅡ",""
"アオ","苍","ムーンライトⅡ",""
"ムラニカ","姆拉尼卡","ムーンライトⅡ",""
"アカ","赤","ムーンライトⅡ",""
"ムーンライトⅢ","月光Ⅲ","","不明"
"ブライトネスⅠ","光明Ⅰ","","女"
"------魔法具現化－状態異常魔法------","------魔法具現化－状态异常魔法------","",""
"ポイズン","毒","","不明"
"どっくん","毒君","ポイズン",""
"ドクオ","毒库欧","ポイズン",""
"ヴィルエント","维鲁恩特","ポイズン",""
"ポイソン","泊松","ポイズン",""
"ブラインド","致盲","","男"
"サイレンス","沉默","","女"
"アンガー","愤怒","","不明"
"コンフューズ","混乱","","男"
"コンフュ","空福","コンフューズ",""
"2003パニック","2003恐慌","コンフューズ",""
"斜視子","斜视子","","女"
"シャッシー","夏希","斜視子",""
"パラライズ","麻痹","","男"
"パラ子","麻痹子","","女"
"パララ","帕拉拉","パラ子",""
"------魔法具現化－回復・吸収魔法------","------魔法具現化－回复·吸收魔法------","",""
"ヒールⅠ","治疗Ⅰ","","女"
"ヒールⅡ","治疗Ⅱ","","女"
"ヒールⅢ","治疗Ⅲ","","女"
"リカバーⅠ","回复Ⅰ","","女"
"リカチー","莉卡奇","リカバーⅠ",""
"コリカ","柯莉卡","リカバーⅠ",""
"キンリカ","金莉卡","リカバーⅠ",""
"リカバーⅡ","回复Ⅱ","","女"
"リカバーⅢ","回复Ⅲ","","不明"
"リカ婆Ⅲ","回复婆Ⅲ","","女"
"キュアーⅠ","治愈Ⅰ","","女"
"キュアーⅡ","治愈Ⅱ","","女"
"キュアーⅢ","治愈Ⅲ","","不明"
"レイズⅠ","复活Ⅰ","","男"
"怜治","怜治","レイズⅠ",""
"レイズⅡ","复活Ⅱ","","不明"
"霊ニャン","灵喵","レイズⅡ",""
"------魔法具現化－能力操作魔法------","------魔法具現化－能力操作魔法------","",""
"ウェポンブレス","武器祝福","","女"
"アーマーブレス","护甲祝福","","女"
"アマブレ","阿玛布蕾","アーマーブレス",""
"スピリットブレス","精神祝福","","女"
"スピブレ","斯比布蕾","スピリットブレス",""
"スピレ","斯比蕾","スピリットブレス",""
"クイックムーブ","快速移动","","女"
"ウェポンカース","武器诅咒","","女"
"アーマーカース","护甲诅咒","","不明"
"スロームーブ","缓慢移动","","女"
"ディスペル","驱散","","女"
"------魔法具現化－脱出・移動魔法------","------魔法具現化－脱出·移动魔法------","",""
"エスケープ","脱逃","","男"
"えーすけ","欸助","エスケープ",""
"えいすけ","英助","エスケープ",""
"------魔法具現化－その他（RTP外魔法など）------","------魔法具現化－其他（RTP外魔法等）------","",""
"------魔法具現化－その他（RTP外魔法など）－バリアーズ------","------魔法具現化－其他（RTP外魔法等）－屏障们------","",""
"ヒートバリア","热能屏障","","女"
"ひばり","希芭莉","ヒートバリア",""
"コールドバリア","寒冰屏障","","女"
"こばり","柯芭莉","コールドバリア",""
"エレキバリア","电气屏障","","女"
"きばり","琪芭莉","エレキバリア",""
"えばり","艾芭莉","エレキバリア",""
"リーフバリア","叶之屏障","","女"
"りばり","莉芭莉","リーフバリア",""
"アクアバリア","流水屏障","","女"
"くばり","库芭莉","アクアバリア",""
"あばり","阿芭莉","アクアバリア",""
"アースバリア","大地屏障","","女"
"すばり","斯芭莉","アースバリア",""
"エアロバリア","空气屏障","","女"
"ろばり","罗芭莉","エアロバリア",""
"ラプスバリア","时光屏障","","女"
"ぷばり","普芭莉","ラプスバリア",""
"らぷばり","拉普芭莉","ラプスバリア",""
"ラジオバリア","辐射屏障","","女"
"じばり","吉芭莉","ラジオバリア",""
"らじばり","拉吉芭莉","ラジオバリア",""
"シールドバリア","盾之屏障","","女"
"しばり","希芭莉 (盾)","シールドバリア",""
"マインドバリア","精神屏障","","女"
"まばり","玛芭莉","マインドバリア",""
"ドリームバリア","梦境屏障","","女"
"むばり","姆芭莉","ドリームバリア",""
"ホーリーバリア","神圣屏障","","女"
"ダークバリア","暗黑屏障","","不明"
"ダストバリア","尘埃屏障","","不明"
"とばり","托芭莉","ダストバリア",""
"サウンドバリア","声音屏障","","不明"
"さばり","萨芭莉","サウンドバリア",""
"ゴーストバリア","幽灵屏障","","不明"
"ごばり","戈芭莉","ゴーストバリア",""
"メチャシコバリア","超爽屏障","","不明"
"メチコ","梅奇柯","メチャシコバリア",""
"ロゴスバリア","逻辑屏障","","不明"
"ブレイクバリア","破坏屏障","","不明"
"ちくちく言葉バリア","刺耳之语屏障","","不明"
"スキンバリア","皮肤屏障","","不明"
"ライフバリア","生命屏障","","女"
"カースバリア","诅咒屏障","","不明"
"------魔法具現化－その他（RTP外魔法など）－その他------","------魔法具現化－其他（RTP外魔法等）－其他------","",""
"ブラッドウォーター","血水","","女"
"血わてり","血瓦特莉","ブラッドウォーター",""
"あかわてり","赤瓦特莉","ブラッドウォーター",""
"ウォーターⅣ","水Ⅳ","","女"
"白ウィンディ","白温蒂","","女"
"黒ウィンディ","黑温蒂","","女"
"アナザーわてり","异样瓦特莉","","不明"
"アナザーウィンディ","异样温蒂","","不明"
"リバースヒール","反转治疗","","不明"
"ブラックムーン","黑月","","不明"
"------無所属・その他------","------无所属·其他------","",""
"------無所属・その他－モンスター------","------无所属·其他－怪物------","",""
"ふもっふ","呼姆呼","","不明"
"コボルト","狗头人","","不明"
"ゴメス人形","戈麦斯人偶","","不明"
"寝る前さん","睡前君","","不明"
"寝る前","睡前","寝る前さん",""
"ネルマエ","涅鲁玛艾","寝る前さん",""
"妖狐","妖狐","寝る前さん",""
"魔ーミン","魔敏","","不明"
"------無所属・その他－完全無所属------","------无所属·其他－完全无所属------","",""
"イシュタム","伊修塔姆","","女"
"うんこマン","便便侠","","男"
"クロノッポイ","库洛诺博伊","","男"
"ダークアリサ","暗黑艾莉莎","","女"
"ダリサ","达莉莎","ダークアリサ",""
"ダーク残酷なる闇","暗黑残酷的黑暗","","女"
"ダー酷","暗酷","ダーク残酷なる闇",""
"ダークザンエール","暗黑残酷","ダーク残酷なる闇",""
"クレス","库雷斯","ダーク残酷なる闇",""
"デタナロ君","出来太君","","不明"
"デュリル","杜莉尔","","女"
"デュリル・グリベイン","杜莉尔·格里贝恩","デュリル",""
"フィリア","菲莉亚","","女"
"ベレッタ","贝瑞塔","","女"
"ミリィ","米莉","","女"
"ポショ子","波修子","","女"
"ポーシャ","波西亚","ポショ子",""
"ヒメディ","希梅迪","","女"
"------無所属・その他－番外編・予備軍－マクドシリーズ------","------无所属·其他－番外篇·预备军－麦当劳系列------","",""
"マクドナルド","麦当劳","","男"
"ケンタッキー","肯德基","","男"
"------無所属・その他－番外編・予備軍－俺さんシリーズ------","------无所属·其他－番外篇·预备军－我先生系列------","",""
"俺さん","我先生","","男"
"------無所属・その他－番外編・予備軍－牛＆鶏シリーズ------","------无所属·其他－番外篇·预备军－牛&鸡系列------","",""
"安五郎","安五郎","","不明"
"トロッコ","矿车","","不明"
"勇魚","勇鱼","","不明"
"------無所属・その他－番外編・予備軍－ネクロさん陣営------","------无所属·其他－番外篇·预备军－妮可萝阵营------","",""
"ネクロさん","涅克罗","","女"
"ネクロさん","涅克罗女士","ネクロ","女"
"ネクロマンサー","死灵法师","ネクロ",""
"聖人","圣人","","女"
"聖人さん","圣人小姐","聖人",""
"------無所属・その他－番外編・予備軍－魔術師協会------","------无所属·其他－番外篇·预备军－魔术师协会------","",""
"アゼクラ","校仓","","女"
"ミナトン","水门","","女"
"イリモヤ","入母屋","ミナトン",""
"アシュリー","艾什莉","","女"
"キリヅマ","切妻","","女"
"クロトア","库洛托亚","キリヅマ",""
"------無所属・その他－番外編・予備軍－ラウンジ・ゲサロ------","------无所属·其他－番外篇·预备军－休息室·格萨罗------","",""
"魔皇女","魔皇女","","女"
"まーちゃん","魔酱","魔皇女",""
"まこちゃん","真子","魔皇女",""
"------無所属・その他－番外編・予備軍－ＡＡキャラ------","------无所属·其他－番外篇·预备军－AA角色------","",""
"シーザー西脇","凯撒西胁","","不明"
"ブームくん","布姆君","","不明"
"はかせ","博士","","不明"
"内藤ホライゾン","内藤地平线","","不明"
"ブーン","噗嗯","内藤ホライゾン",""
"------無所属・その他－その他------","------无所属·其他－其他------","",""
"女王様","女王大人","","女"
"王妃","王妃","女王様",""
"一般3-2","一般3-2","女王様",""
"ユースティティア","尤斯提提娅","","女"
"シロックス","希洛克斯","","男"
"ルナックス","露娜克斯","","女"
"ザリア","扎利亚","","男"
"アテナ","雅典娜","","女"
"なすーん","纳苏","","女"
"ブラックハウス・ネガ","黑屋·否定","","不明"
"スカルドラゴン","骷髅多拉贡","","不明"
"私さん","我小姐","","女"
"一般1-4","一般1-4","私さん",""
"ダークエンリュウ","暗黑炎龙","","男"
"ダンリュウ","暗龙","ダークエンリュウ",""
"ウリエン","瓜炎","ダークエンリュウ",""
"ダークファルコン","暗黑法尔科","","男"
"ダルコン","达尔科","ダークファルコン",""
"クファル","库法尔","ダークファルコン",""
"ダーファル","暗法","ダークファルコン",""
"ダークアシュリー","暗黑艾什莉","","女"
"レスタック","莱斯塔克","","男"
"ラヴェンダ","拉文达","","女"
"ツキヨミ","月读","","男"
"ケッカン","血管","","不明"
"テヌキ","疏忽","","女"
"クルトン","库鲁顿","","不明"
"ブラックルトン","布莱库鲁顿","","不明"
"ナビュー","娜比优","","不明"
"ナヴィ","娜薇","","女"
"ハーミィ","哈咪","","女"
"リンカ","琳卡","","女"
"クリスタ","克里斯塔","","女"
"シピア","希皮亚","","女"
"えまりー","艾玛莉","","不明"
"あぐり","阿格莉","","女"
"サリア","萨莉亚","","女"
"わかば","若叶","サリア",""
"ゲドック","解毒","","不明"
"聖剣ちゃん","圣剑酱","","女"
"ガンタイ","眼带","","女"
"アメリカンニンニンガール","美国忍忍女孩","","女"
"アニー","安妮","アメリカンニンニンガール",""
"アナルの江戸っ子","肛门里的江户小子","","男"
"ツムジ","旋风","","女"
"ネコ青魔道士","猫青魔道士","","不明"
"魔術研究員","魔术研究员","","不明"
"魔術ロボ","魔术机器人","","不明"
"パッフェ","芭菲","","不明"
"シャティ","夏蒂","","女"
"キャンセル","取消","","女"
"キャンセルさん","取消小姐","キャンセル",""
"マスターキャンセラー","取消大师","キャンセル",""
"メモリストリーム","内存流","","不明"
"メモスト","梅莫斯托","メモリストリーム",""
"ドワ子","矮人子","","女"
"ドワーフ","矮人","ドワ子",""
"------無所属・その他－ゲスト------","------无所属·其他－客串------","",""
"ウィンディオ","温迪奥","","男"
"ウインディオ","温迪奥","ウィンディオ",""
"塩沢","盐泽","","男"
"塩沢弟","盐泽弟","","男"
"YHVH","YHVH","","男"
"ヤーウェ","雅威","YHVH",""
"エホバ","耶和华","YHVH",""
"カービィ","卡比","","不明"
"メタナイト","梅塔奈特","","不明"
"ジャック・O","杰克·O","","男"
"弱王","弱王","ジャック・O",""
"クーファスト","库法斯特","","不明"
"------池田作品------","------池田作品------","",""
"たんち","池田","","男"
"ブラックサンダー","黑色雷霆","","男"
"スプレンディド","斯普伦迪德","","女"
"万代ありさ","万代阿丽莎","","女"
"カマソッソ","卡玛索索","","女"
